run_dir,run_num,subject,gc,workload,jdk,replication,total_energy,avg_freq_mhz,avg_cpu_pct,peak_memory,runtime_sec,power_w
run_1,1,DaCapo,Serial,Light,openjdk,1,39.329620361328125,2214.375,5.046447958797216,6955835392,1.2038392,32.67016089966843
run_10,10,DaCapo,Serial,Medium,openjdk,2,82.02082824707031,2395.9375,4.361911861846845,6977781760,2.0049472,40.9092210742858
run_100,100,CLBG-BinaryTrees,Parallel,Light,openjdk,4,3.881134033203125,2129.875,1.920158604780833,3721605120,0.20543854,18.891947115682992
run_101,101,CLBG-BinaryTrees,Parallel,Light,oracle,1,3.86712646484375,2194.90625,1.54258431494236,3766759424,0.20529068,18.837321133349793
run_102,102,CLBG-BinaryTrees,Parallel,Light,oracle,2,4.056365966796875,2049.71875,1.768705666065216,3758641152,0.20568293,19.721451686811708
run_103,103,CLBG-BinaryTrees,Parallel,Light,oracle,3,4.2210693359375,2293.9375,1.42349969347318,3768442880,0.20581077,20.50946768207271
run_104,104,CLBG-BinaryTrees,Parallel,Light,oracle,4,3.8302154541015625,2151.78125,1.4825351933638256,3735040000,0.20576483,18.614529286183465
run_105,105,CLBG-BinaryTrees,Parallel,Medium,openjdk,1,8.48638916015625,2354.0625,2.051626332104206,4030681088,0.40506694,20.95058451365162
run_106,106,CLBG-BinaryTrees,Parallel,Medium,openjdk,2,8.5839080810546875,2213.75,2.0217051692306995,4030390272,0.40592661,21.146453249405567
run_107,107,CLBG-BinaryTrees,Parallel,Medium,openjdk,3,8.6536102294921875,2077.0625,2.1723738685250282,4028174336,0.4057342,21.32827410036469
run_108,108,CLBG-BinaryTrees,Parallel,Medium,openjdk,4,8.533233642578125,2227.6875,1.7765221670269966,4034248704,0.40581444,21.027427320176496
run_109,109,CLBG-BinaryTrees,Parallel,Medium,oracle,1,8.5216827392578125,2148.3125,1.8629389069974422,4065427456,0.40573207,21.003226930663413
run_11,11,DaCapo,Serial,Medium,openjdk,3,86.108154296875,2260.5,3.5630641482197323,6980513792,2.2063112,39.02810913386788
run_110,110,CLBG-BinaryTrees,Parallel,Medium,oracle,2,8.3404388427734375,2205.53125,2.062356472015381,4054204416,0.40604144,20.54085623076659
run_111,111,CLBG-BinaryTrees,Parallel,Medium,oracle,3,8.568450927734375,2082.90625,1.7852406688034534,4045398016,0.40587288,21.111168915090794
run_112,112,CLBG-BinaryTrees,Parallel,Medium,oracle,4,8.525848388671875,2276.71875,2.0468616262078285,4045807616,0.40575993,21.01205111276482
run_113,113,CLBG-BinaryTrees,Parallel,Heavy,openjdk,1,18.660308837890625,2292.46875,2.4126552119851112,4450836480,0.80597913,23.152347428512975
run_114,114,CLBG-BinaryTrees,Parallel,Heavy,openjdk,2,18.639556884765625,2145.3125,2.5181618767480054,4493262848,0.8058678,23.129794843230645
run_115,115,CLBG-BinaryTrees,Parallel,Heavy,openjdk,3,18.586639404296875,2290.125,2.5765394531190395,4502831104,0.80589545,23.06333830808559
run_116,116,CLBG-BinaryTrees,Parallel,Heavy,openjdk,4,18.571868896484375,2216.4375,2.482863526791334,4476309504,0.8058575,23.046095490188247
run_117,117,CLBG-BinaryTrees,Parallel,Heavy,oracle,1,18.507217407226563,2138.09375,2.596026179691156,4528492544,0.80593324,22.963710253750747
run_118,118,CLBG-BinaryTrees,Parallel,Heavy,oracle,2,18.982574462890625,2214.9375,2.4688357363144555,4478742528,0.8058651,23.555523701039572
run_119,119,CLBG-BinaryTrees,Parallel,Heavy,oracle,3,18.551483154296875,2164.96875,2.4671155214309692,4420866048,0.805849,23.021041354269688
run_12,12,DaCapo,Serial,Medium,openjdk,4,95.46432495120098,2220.53125,5.531016133104761,6993596416,2.004636,47.6217752006853
run_120,120,CLBG-BinaryTrees,Parallel,Heavy,oracle,4,18.732620239257813,2197.6875,2.461906803150972,4487360512,0.8058255,23.246497212185286
run_121,121,CLBG-BinaryTrees,G1,Light,openjdk,1,3.8397216796875,2164.46875,1.5599395235379536,3775143936,0.2058164,18.656053063252003
run_122,122,CLBG-BinaryTrees,G1,Light,openjdk,2,3.8736114501953125,2140.84375,1.8005055685838063,3759575040,0.20553137,18.846813750111785
run_123,123,CLBG-BinaryTrees,G1,Light,openjdk,3,4.0078582763671875,2244.53125,1.6069609622160594,3755360256,0.20583005,19.471686842456617
run_124,124,CLBG-BinaryTrees,G1,Light,openjdk,4,3.9320831298828125,2154.3125,1.8154360453287761,3745771520,0.20562033,19.123027036688505
run_125,125,CLBG-BinaryTrees,G1,Light,oracle,1,3.9121551513671875,2281.0625,1.435102308789889,3713736704,0.20573103,19.015873061867172
run_126,126,CLBG-BinaryTrees,G1,Light,oracle,2,3.871002197265625,2242.03125,1.8591767499844234,3755761664,0.2052876,18.85648328133616
run_127,127,CLBG-BinaryTrees,G1,Light,oracle,3,3.8775634765625,2292.75,1.7038055558999379,3745665024,0.20565999,18.854243241782225
run_128,128,CLBG-BinaryTrees,G1,Light,oracle,4,3.884521484375,2217.71875,1.5492849747339885,3758698496,0.20569292,18.88505197152629
run_129,129,CLBG-BinaryTrees,G1,Medium,openjdk,1,7.8291015625,2260.125,1.740437787026167,3978440704,0.40578303,19.293812169769645
run_13,13,DaCapo,Serial,Medium,oracle,1,79.75334167480469,2390.03125,3.831044167280197,6979485696,2.004007,39.79693767277494
run_130,130,CLBG-BinaryTrees,G1,Medium,openjdk,2,7.8433685302734375,2057.84375,1.7653674110770226,3952156672,0.40578875,19.32869881255564
run_131,131,CLBG-BinaryTrees,G1,Medium,openjdk,3,7.95465087890625,2893.15625,2.1456640996038914,3837931520,0.40565154,19.609566572596396
run_132,132,CLBG-BinaryTrees,G1,Medium,openjdk,4,7.4593505859375,2222.0625,1.8109256885945797,3871019008,0.40580496,18.381615113668154
run_133,133,CLBG-BinaryTrees,G1,Medium,oracle,1,7.5869598388671875,2168.1875,1.3878370746970177,3857555456,0.40562508,18.70436571344944
run_134,134,CLBG-BinaryTrees,G1,Medium,oracle,2,7.53302001953125,2132.03125,1.7409428730607033,3939770368,0.40585753,18.560749678664948
run_135,135,CLBG-BinaryTrees,G1,Medium,oracle,3,7.78515625,2059.375,1.7738480046391487,3924217856,0.40582967,19.183309712175554
run_136,136,CLBG-BinaryTrees,G1,Medium,oracle,4,7.5016937255859375,2815.625,1.9201284311711788,3922280448,0.40591136,18.481113033116237
run_137,137,CLBG-BinaryTrees,G1,Heavy,openjdk,1,24.444793701171875,2063.875,2.6202272506696835,4816449536,1.0066113,24.28424328355133
run_138,138,CLBG-BinaryTrees,G1,Heavy,openjdk,2,24.773605346679688,2083.90625,2.7909179223435268,4790620160,1.0061722,24.621635686893047
run_139,139,CLBG-BinaryTrees,G1,Heavy,openjdk,3,24.717742919921875,2084.96875,2.7202097741620883,4751556608,1.005947,24.571615522410102
run_14,14,DaCapo,Serial,Medium,oracle,2,77.64581298822304,2046.46875,5.498518591746688,6979448832,2.004495,38.73584767645868
run_140,140,CLBG-BinaryTrees,G1,Heavy,openjdk,4,25.75115966796875,2091.65625,2.5623748834644045,4752941056,1.005615,25.607374261490484
run_141,141,CLBG-BinaryTrees,G1,Heavy,oracle,1,25.015975952148438,2279.65625,2.623551911541394,4764053504,1.0059797,24.867277095301663
run_142,142,CLBG-BinaryTrees,G1,Heavy,oracle,2,24.156723022460938,2156.8125,2.7371424872960364,4755222528,1.006098,24.01030816328125
run_143,143,CLBG-BinaryTrees,G1,Heavy,oracle,3,23.969558715820313,2824.53125,2.8553929584366933,4746661888,1.0059588,23.827574962135937
run_144,144,CLBG-BinaryTrees,G1,Heavy,oracle,4,26.095748901367188,2171.46875,2.71879329425948,4741971968,1.0062273,25.93424855533853
run_145,145,CLBG-Fannkuch,Serial,Light,openjdk,1,7.090240478515625,2416.3125,22.49557399749756,3780435968,0.20409386,34.7400969265593
run_146,146,CLBG-Fannkuch,Serial,Light,openjdk,2,7.11444091796875,2171.625,23.489397009213764,3749490688,0.20416267,34.8469233771715
run_147,147,CLBG-Fannkuch,Serial,Light,openjdk,3,7.0909576416015625,2187.28125,23.034460643927257,3724972032,0.2041234,34.7385828454825
run_148,148,CLBG-Fannkuch,Serial,Light,openjdk,4,7.083343505859375,2157.09375,23.00443670153618,3725590528,0.20420566,34.68730252559784
run_149,149,CLBG-Fannkuch,Serial,Light,oracle,1,7.1254425048828125,2037.71875,22.975435962279636,3721887744,0.2040725,34.91623077525298
run_15,15,DaCapo,Serial,Medium,oracle,3,82.0899658203125,2262.84375,4.184960373319113,6982844416,2.2053738,37.222699308531055
run_150,150,CLBG-Fannkuch,Serial,Light,oracle,2,7.0120086669921875,2076.875,22.249863361318905,3715854336,0.20408368,34.358497783811956
run_151,151,CLBG-Fannkuch,Serial,Light,oracle,3,7.0788421630859375,2097.28125,22.57483783364296,3712835584,0.20424178,34.65912881823659
run_152,152,CLBG-Fannkuch,Serial,Light,oracle,4,7.08856201171875,2046.9375,23.462777594725292,3708456960,0.20432328,34.69287499554016
run_153,153,CLBG-Fannkuch,Serial,Medium,openjdk,1,14.117935180664063,2912.15625,27.43836146593094,3734941696,0.4068155,34.70353312659931
run_154,154,CLBG-Fannkuch,Serial,Medium,openjdk,2,13.818939208984375,2282.84375,26.230529960244894,3745652736,0.40618584,34.02122341090072
run_155,155,CLBG-Fannkuch,Serial,Medium,openjdk,3,14.139389038085938,2148.90625,27.02451680600643,3742380032,0.40657103,34.777168058643866
run_156,156,CLBG-Fannkuch,Serial,Medium,openjdk,4,13.895660400390625,2104.5625,26.272743239998817,3744489472,0.40673703,34.163745554199046
run_157,157,CLBG-Fannkuch,Serial,Medium,oracle,1,13.954818725585938,2171.03125,27.197208791971207,3740884992,0.4061461,34.359110491485545
run_158,158,CLBG-Fannkuch,Serial,Medium,oracle,2,13.980026245117188,2266.28125,26.67408411949873,3729477632,0.40660086,34.38267751110312
run_159,159,CLBG-Fannkuch,Serial,Medium,oracle,3,14.401321411132813,2136.9375,27.7309996150434,3727073280,0.40544966,35.51938213768095
run_16,16,DaCapo,Serial,Medium,oracle,4,82.20448303222656,2465.6875,4.516858544200659,6988009472,2.0039856,41.02049587193968
run_160,160,CLBG-Fannkuch,Serial,Medium,oracle,4,14.409103393554688,2148.34375,26.571037109941244,3728551936,0.4061027,35.481427219160786
run_161,161,CLBG-Fannkuch,Serial,Heavy,openjdk,1,89.39677429199219,2166.15625,63.592238530516624,3733278720,1.2046324,74.21083335629375
run_162,162,CLBG-Fannkuch,Serial,Heavy,openjdk,2,89.490814208984375,2071.75,63.61106961220503,3729379328,1.2063739,74.18165645740875
run_163,163,CLBG-Fannkuch,Serial,Heavy,openjdk,3,89.4859619140625,2174,63.511049658060074,3731922944,1.2042531,74.30826785005785
run_164,164,CLBG-Fannkuch,Serial,Heavy,openjdk,4,90.04212951660156,2097.28125,64.17462830804288,3732701184,1.2061416,74.6530337040042
run_165,165,CLBG-Fannkuch,Serial,Heavy,oracle,1,89.53977966308594,2166.59375,63.830456245690584,3732209664,1.2052724,74.29007721664077
run_166,166,CLBG-Fannkuch,Serial,Heavy,oracle,2,89.51478576660156,2356.125,63.522973177954555,3727044608,1.2044898,74.31759552185628
run_167,167,CLBG-Fannkuch,Serial,Heavy,oracle,3,92.31221008300781,2117,64.27370436324014,3721830400,1.4076095,65.5808376421215
run_168,168,CLBG-Fannkuch,Serial,Heavy,oracle,4,89.03758239746094,2214.65625,63.85824337601662,3736653824,1.2054784,73.8607862218526
run_169,169,CLBG-Fannkuch,Parallel,Light,openjdk,1,6.469818115234375,2277.375,15.51033128798008,3701161984,0.2045994,31.621882152315088
run_17,17,DaCapo,Serial,Heavy,openjdk,1,362.9095458984375,2189.1875,3.7858666418517224,7228215296,11.807278,30.736088868106393
run_170,170,CLBG-Fannkuch,Parallel,Light,openjdk,2,6.6573944091796875,2096.40625,16.145293821891148,3721584640,0.20523939,32.43721592224421
run_171,171,CLBG-Fannkuch,Parallel,Light,openjdk,3,7.0838165283203125,2010.0625,22.759237959980965,3716722688,0.20408842,34.70954661866809
run_172,172,CLBG-Fannkuch,Parallel,Light,openjdk,4,7.0204315185546875,2108.34375,21.837437341610592,3722280960,0.20402813,34.40913524304069
run_173,173,CLBG-Fannkuch,Parallel,Light,oracle,1,7.09063720703125,2295.6875,22.90830043454965,3723390976,0.20409286,34.74221100645682
run_174,174,CLBG-Fannkuch,Parallel,Light,oracle,2,7.2236328125,2347,23.96132351954778,3719045120,0.20396894,35.415356928853974
run_175,175,CLBG-Fannkuch,Parallel,Light,oracle,3,7.009002685546875,2482.78125,22.586142947276432,3720065024,0.20418091,34.32741427955667
run_176,176,CLBG-Fannkuch,Parallel,Light,oracle,4,6.3078460693359375,2397.9375,15.093867058555285,3723460608,0.20579308,30.651400277093565
run_177,177,CLBG-Fannkuch,Parallel,Medium,openjdk,1,13.664764404296875,2226.1875,25.31961240619421,3745595392,0.40606335,33.65180434111297
run_178,178,CLBG-Fannkuch,Parallel,Medium,openjdk,2,14.385421752929688,2289.09375,27.321173526346684,3749761024,0.406615,35.37848272427158
run_179,179,CLBG-Fannkuch,Parallel,Medium,openjdk,3,13.582107543945313,2280.71875,25.48102954402566,3748323328,0.406787,33.38874532358535
run_18,18,DaCapo,Serial,Heavy,openjdk,2,393.37974548339844,2237.46875,3.1880301282771173,7205871616,12.006824,32.763014222861806
run_180,180,CLBG-Fannkuch,Parallel,Medium,openjdk,4,13.551406860351563,2081.78125,25.466554541140795,3741093888,0.40635687,33.34853637481646
run_181,181,CLBG-Fannkuch,Parallel,Medium,oracle,1,14.016357421875,2578.03125,27.26937112212181,3742760960,0.40650833,34.47987750183373
run_182,182,CLBG-Fannkuch,Parallel,Medium,oracle,2,14.207626342773438,2159.34375,27.134836718440056,3738558464,0.40626368,34.971441066977576
run_183,183,CLBG-Fannkuch,Parallel,Medium,oracle,3,14.4239501953125,2237.15625,27.044958174228668,3736276992,0.406421,35.49016954171291
run_184,184,CLBG-Fannkuch,Parallel,Medium,oracle,4,13.6304931640625,2004.90625,25.726520035415888,3737767936,0.4065347,33.528486409800934
run_185,185,CLBG-Fannkuch,Parallel,Heavy,openjdk,1,89.815093994140625,2637.21875,63.904100973159075,3736641536,1.2045547,74.56290195384288
run_186,186,CLBG-Fannkuch,Parallel,Heavy,openjdk,2,89.81745910644531,2278.09375,71.62992175482213,3732713472,1.2047197,74.55465292585927
run_187,187,CLBG-Fannkuch,Parallel,Heavy,openjdk,3,90.05345153808594,2321.3125,71.71595011278987,3732201472,1.2042863,74.77744414935712
run_188,188,CLBG-Fannkuch,Parallel,Heavy,openjdk,4,91.81336975097656,2352.40625,56.72098309629493,3740336128,1.4062684,65.28865311271771
run_189,189,CLBG-Fannkuch,Parallel,Heavy,oracle,1,89.702911376953125,2193.96875,63.996856609359384,3729084416,1.2047701,74.45645553201655
run_19,19,DaCapo,Serial,Heavy,openjdk,3,365.67784118655254,2271.65625,4.013215811575874,7219277824,11.408841,32.05214632989911
run_190,190,CLBG-Fannkuch,Parallel,Heavy,oracle,2,89.84178161621094,2358.875,71.6349995881319,3721134080,1.2043316,74.59887427699393
run_191,191,CLBG-Fannkuch,Parallel,Heavy,oracle,3,92.4229736328125,2189.5625,56.8820122960541,3724267520,1.4069569,65.68998214004459
run_192,192,CLBG-Fannkuch,Parallel,Heavy,oracle,4,89.453704833984375,2369,63.58434431254864,3720441856,1.2046314,74.25815468033157
run_193,193,CLBG-Fannkuch,G1,Light,openjdk,1,6.4932098388671875,2123.125,15.899409318963686,3707428864,0.20481263,31.703171034262816
run_194,194,CLBG-Fannkuch,G1,Light,openjdk,2,7.05523681640625,2403.9375,23.70213274161021,3706540032,0.20407134,34.572404025015224
run_195,195,CLBG-Fannkuch,G1,Light,openjdk,3,7.0510711669921875,2505.4375,23.16470818221569,3706310656,0.2040457,34.55633305182215
run_196,196,CLBG-Fannkuch,G1,Light,openjdk,4,7.051727294921875,2161.125,24.189745823542278,3714650112,0.20403789,34.560871487751
run_197,197,CLBG-Fannkuch,G1,Light,oracle,1,6.6332550048828125,2151.125,17.49785212179025,3717492736,0.20427828,32.4716607408424
run_198,198,CLBG-Fannkuch,G1,Light,oracle,2,7.028411865234375,2142.15625,22.201481252908707,3731103744,0.204045,34.445401089143935
run_199,199,CLBG-Fannkuch,G1,Light,oracle,3,7.0257110595703125,2171.78125,22.797770008444786,3732381696,0.20359138,34.508882741353354
run_2,2,DaCapo,Serial,Light,openjdk,2,38.600555419921875,2156.03125,4.514443444088101,6949109760,1.2043637,32.05058025239541
run_20,20,DaCapo,Serial,Heavy,openjdk,4,385.5314636230469,2261.25,5.015481872484088,7160745984,10.006393,38.52851508261238
run_200,200,CLBG-Fannkuch,G1,Light,oracle,4,6.1379852294921875,2090.625,14.026557783285776,3720810496,0.20581675,29.82257386481998
run_201,201,CLBG-Fannkuch,G1,Medium,openjdk,1,14.3424072265625,2266.03125,26.746656246483326,3774005248,0.40646395,35.285803886328665
run_202,202,CLBG-Fannkuch,G1,Medium,openjdk,2,14.192184448242188,2218.53125,26.866942562162876,3770359808,0.4058012,34.973244160545086
run_203,203,CLBG-Fannkuch,G1,Medium,openjdk,3,14.479019165039063,1992.5,25.829655520617962,3765927936,0.40685245,35.58788736565077
run_204,204,CLBG-Fannkuch,G1,Medium,openjdk,4,14.278060913085938,2211.75,26.21787077561021,3783024640,0.40520373,35.236746002031964
run_205,205,CLBG-Fannkuch,G1,Medium,oracle,1,14.509765625,2884.40625,26.461550667881966,3780395008,0.4055947,35.77405134978342
run_206,206,CLBG-Fannkuch,G1,Medium,oracle,2,13.965377807617188,2054.03125,26.101154819130898,3775606784,0.4068056,34.32936470790271
run_207,207,CLBG-Fannkuch,G1,Medium,oracle,3,14.345413208007813,2089.65625,27.578183829784393,3776909312,0.40643564,35.2956576544513
run_208,208,CLBG-Fannkuch,G1,Medium,oracle,4,13.911056518554688,2225.15625,26.32598389312625,3779522560,0.40610236,34.255049683913896
run_209,209,CLBG-Fannkuch,G1,Heavy,openjdk,1,96.53544616699219,2156.25,59.20629480315579,3794075648,1.4071422,68.60390241085243
run_21,21,DaCapo,Serial,Heavy,oracle,1,375.95729064941406,2300.25,4.269293203949928,7212765184,11.607752,32.38846683228709
run_210,210,CLBG-Fannkuch,G1,Heavy,openjdk,2,95.67578125,2153.84375,58.84993181626002,3774971904,1.4058441,68.0557547241547
run_211,211,CLBG-Fannkuch,G1,Heavy,openjdk,3,90.84776306152344,2455.40625,64.31617613323033,3774935040,1.2047276,75.40938139171331
run_212,212,CLBG-Fannkuch,G1,Heavy,openjdk,4,96.30763244628906,2250.84375,59.28389561673006,3784556544,1.4069271,68.45246811031578
run_213,213,CLBG-Fannkuch,G1,Heavy,oracle,1,96.664398193359375,2223.6875,59.37722267376052,3778293760,1.4071403,68.69563624420348
run_214,214,CLBG-Fannkuch,G1,Heavy,oracle,2,96.88453674316406,2202.84375,59.728979193502,3753299968,1.4067959,68.8689359580619
run_215,215,CLBG-Fannkuch,G1,Heavy,oracle,3,96.368316650390625,2161.375,59.56211157474253,3741016064,1.4066797,68.50764722800125
run_216,216,CLBG-Fannkuch,G1,Heavy,oracle,4,97.15411376953125,2253.125,59.87492273747921,3747196928,1.4064139,69.07931852033832
run_217,217,CLBG-NBody,Serial,Light,openjdk,1,8.38238525390625,2096.59375,2.2044864036142826,3734638592,0.40585753,20.653516651289554
run_218,218,CLBG-NBody,Serial,Light,openjdk,2,9.373748779296875,2214.34375,2.0986852794885635,3729252352,0.4056907,23.105653591016196
run_219,219,CLBG-NBody,Serial,Light,openjdk,3,9.566497802734375,2031.71875,2.1816418282687664,3734237184,0.40575925,23.57678303756322
run_22,22,DaCapo,Serial,Heavy,oracle,2,440.2536163330078,2795.03125,4.154162972001359,7203082240,12.407906,35.4817014517202
run_220,220,CLBG-NBody,Serial,Light,openjdk,4,9.600799560546875,2153.71875,2.27011302113533,3740123136,0.4057182,23.66371427396374
run_221,221,CLBG-NBody,Serial,Light,oracle,1,9.591949462890625,2118.65625,2.077088840305805,3730870272,0.40473124,23.69955297468667
run_222,222,CLBG-NBody,Serial,Light,oracle,2,8.3764190673828125,2227.9375,2.063861683011055,3727753216,0.40575567,20.643997574655735
run_223,223,CLBG-NBody,Serial,Light,oracle,3,9.6566925048828125,2195.65625,1.948443602770567,3738804224,0.4046801,23.862533652835445
run_224,224,CLBG-NBody,Serial,Light,oracle,4,9.5530242919921875,1993.84375,2.290701538324356,3739529216,0.40582702,23.539645763340715
run_225,225,CLBG-NBody,Serial,Medium,openjdk,1,44.31840515136719,2052.875,2.651185621817907,3741822976,1.405774,31.525981524318407
run_226,226,CLBG-NBody,Serial,Medium,openjdk,2,37.63433837890625,2074.0625,2.6050753460990057,3731607552,1.4061638,26.763836744272787
run_227,227,CLBG-NBody,Serial,Medium,openjdk,3,45.91926574707031,2350.8125,2.6518975612190037,3727630336,1.406136,32.65634742803705
run_228,228,CLBG-NBody,Serial,Medium,openjdk,4,39.519561767578125,2278.84375,2.8069373220205307,3720589312,1.4060916,28.10596533510201
run_229,229,CLBG-NBody,Serial,Medium,oracle,1,45.91545104980469,2122.875,2.601463384926319,3720118272,1.4059279,32.65846779895661
run_23,23,DaCapo,Serial,Heavy,oracle,3,440.8301696777635,2119.125,4.1170781340089535,7196594176,12.007524,36.71282852965886
run_230,230,CLBG-NBody,Serial,Medium,oracle,2,45.95079040527344,2150.03125,2.8190982242425284,3719184384,1.4059643,32.68275759581765
run_231,231,CLBG-NBody,Serial,Medium,oracle,3,43.52107238769531,2186.53125,2.690160968237453,3716169728,1.4061044,30.951522794250064
run_232,232,CLBG-NBody,Serial,Medium,oracle,4,37.80877685546875,2112.78125,2.614006645149655,3722031104,1.4061666,26.887835947368366
run_233,233,CLBG-NBody,Serial,Heavy,openjdk,1,88.02992248535156,2087.625,2.704027553399404,3713867776,2.6058176,33.782073804916955
run_234,234,CLBG-NBody,Serial,Heavy,openjdk,2,79.591766357421875,2098.25,2.8097920407851538,3722022912,2.6064005,30.537043849332395
run_235,235,CLBG-NBody,Serial,Heavy,openjdk,3,82.94696044921875,2337.21875,2.711838365594546,3722219520,2.606367,31.82474319588099
run_236,236,CLBG-NBody,Serial,Heavy,openjdk,4,92.901458740234375,2819.75,2.8005530655384065,3719458816,2.6064339,35.64312862115336
run_237,237,CLBG-NBody,Serial,Heavy,oracle,1,77.36268615722656,2202.625,2.649317548672358,3715375104,2.6062608,29.683401660043604
run_238,238,CLBG-NBody,Serial,Heavy,oracle,2,77.309478759765625,2085.6875,2.7813631534576415,3718721536,2.6063113,29.662411684960894
run_239,239,CLBG-NBody,Serial,Heavy,oracle,3,88.39591979980469,2160.71875,2.7453828498721125,3729346560,2.6064296,33.91456258776554
run_24,24,DaCapo,Serial,Heavy,oracle,4,432.92420959475567,2291.375,3.71313046049031,7170351104,12.209085,35.4591854831673
run_240,240,CLBG-NBody,Serial,Heavy,oracle,4,92.85185241699219,2958.34375,2.677488399545352,3719622656,2.606451,35.62386264579391
run_241,241,CLBG-NBody,Parallel,Light,openjdk,1,9.7256622314453125,2603.9375,2.2036278285086155,3731988480,0.40459266,24.03815786338119
run_242,242,CLBG-NBody,Parallel,Light,openjdk,2,9.59228515625,2492.25,1.9955070801079273,3735171072,0.40464965,23.705161134452975
run_243,243,CLBG-NBody,Parallel,Light,openjdk,3,8.4518890380859375,2360.5625,2.27354197204113,3729661952,0.4042073,20.909788215319065
run_244,244,CLBG-NBody,Parallel,Light,openjdk,4,9.666961669921875,2186.46875,2.1378130987286568,3728183296,0.4048877,23.875661498044703
run_245,245,CLBG-NBody,Parallel,Light,oracle,1,9.665313720703125,2295.28125,2.1631528213620186,3729141760,0.40471277,23.88190943592693
run_246,246,CLBG-NBody,Parallel,Light,oracle,2,9.066619873046875,2091,2.342162810266018,3735769088,0.40495488,22.389210059764867
run_247,247,CLBG-NBody,Parallel,Light,oracle,3,8.438262939453125,2143.46875,2.24305522441864,3731537920,0.40477464,20.846817230084188
run_248,248,CLBG-NBody,Parallel,Light,oracle,4,8.909698486328125,2091.09375,1.8842112496495247,3734679552,0.40480006,22.01012145682025
run_249,249,CLBG-NBody,Parallel,Medium,openjdk,1,38.40400695800781,2026.625,2.6449217945337296,3739017216,1.406154,27.311380515937667
run_25,25,DaCapo,Parallel,Light,openjdk,1,36.405700683622854,2334.15625,5.627525475807488,6928936960,1.2058828,30.190082057412923
run_250,250,CLBG-NBody,Parallel,Medium,openjdk,2,37.072662353515625,2032.75,2.779477937353982,3729129472,1.4060373,26.366770179934505
run_251,251,CLBG-NBody,Parallel,Medium,openjdk,3,39.068267822265625,2214.3125,2.555350068542692,3729584128,1.4061415,27.78402303201038
run_252,252,CLBG-NBody,Parallel,Medium,openjdk,4,46.4241943359375,2291.8125,2.690455405248536,3731144704,1.4057024,33.025620740163426
run_253,253,CLBG-NBody,Parallel,Medium,oracle,1,42.39277648925781,2348.3125,2.679115136464437,3733315584,1.4060392,30.15049401841557
run_254,254,CLBG-NBody,Parallel,Medium,oracle,2,37.88926696777344,2155.375,2.7538431882858276,3733889024,1.4060718,26.94689344297598
run_255,255,CLBG-NBody,Parallel,Medium,oracle,3,45.650634765625,2258.3125,2.5167251891560025,3734740992,1.4060754,32.466704677163825
run_256,256,CLBG-NBody,Parallel,Medium,oracle,4,37.49089050292969,2160.53125,2.5730427420801587,3734130688,1.4060944,26.663139048793372
run_257,257,CLBG-NBody,Parallel,Heavy,openjdk,1,77.684234619140625,2063.0625,2.822115254898866,3729989632,2.606039,29.80931391247047
run_258,258,CLBG-NBody,Parallel,Heavy,openjdk,2,80.13822937011719,2220.375,2.750288596749306,3732103168,2.6063786,30.74696414792432
run_259,259,CLBG-NBody,Parallel,Heavy,openjdk,3,77.1851806640625,2101.15625,2.842278802891572,3729612800,2.6064324,29.61334453334086
run_26,26,DaCapo,Parallel,Light,openjdk,2,36.82815551754902,2348.96875,4.628461721353233,6936293376,1.2060992,30.534930723400716
run_260,260,CLBG-NBody,Parallel,Heavy,openjdk,4,77.08055114746094,2211.96875,2.774948633213838,3727056896,2.605925,29.57895992688237
run_261,261,CLBG-NBody,Parallel,Heavy,oracle,1,81.951385498046875,2163.28125,3.018803664616176,3740811264,2.4042354,34.08625690231783
run_262,262,CLBG-NBody,Parallel,Heavy,oracle,2,80.43858337402344,2138.65625,2.7153511603673297,3739787264,2.6063702,30.862301669203948
run_263,263,CLBG-NBody,Parallel,Heavy,oracle,3,82.959503173828125,2101.375,2.830669563015302,3735953408,2.6061902,31.83171480493946
run_264,264,CLBG-NBody,Parallel,Heavy,oracle,4,77.98248291015625,2076.125,2.804112920661767,3743723520,2.6062129,29.92176230505046
run_265,265,CLBG-NBody,G1,Light,openjdk,1,8.375,2197.03125,2.113154910504818,3748818944,0.404645,20.697154295740713
run_266,266,CLBG-NBody,G1,Light,openjdk,2,9.655364990234375,2927.625,2.385511629283428,3762753536,0.4046514,23.860945471174386
run_267,267,CLBG-NBody,G1,Light,openjdk,3,8.4873199462890625,2185.375,2.4628503546118736,3758694400,0.40417597,20.999071137972557
run_268,268,CLBG-NBody,G1,Light,openjdk,4,9.6618499755859375,2267.46875,1.928243137896061,3770236928,0.4043895,23.8924353267974
run_269,269,CLBG-NBody,G1,Light,oracle,1,8.67901611328125,2501.75,2.2846140936017036,3789996032,0.40459958,21.450877712926072
run_27,27,DaCapo,Parallel,Light,openjdk,3,37.979248046904104,2226.875,4.925333249382675,6921801728,1.2045801,31.529034928357277
run_270,270,CLBG-NBody,G1,Light,oracle,2,9.65692138671875,2253.1875,2.2983363196253777,3762008064,0.40479687,23.856215555023315
run_271,271,CLBG-NBody,G1,Light,oracle,3,9.578033447265625,2167.75,2.234581980854273,3761184768,0.4046702,23.66873925301548
run_272,272,CLBG-NBody,G1,Light,oracle,4,9.7046966552734375,2187.375,2.107612617313862,3769389056,0.40486825,23.97001161556491
run_273,273,CLBG-NBody,G1,Medium,openjdk,1,41.63868713378906,2195.75,2.6213248843948045,3763265536,1.4059266,29.616544088282463
run_274,274,CLBG-NBody,G1,Medium,openjdk,2,41.283966064453125,2200.25,2.5959931910037994,3758362624,1.405982,29.36308293026022
run_275,275,CLBG-NBody,G1,Medium,openjdk,3,37.25811767578125,2134.65625,2.643992879324489,3760185344,1.4061403,26.496728438678026
run_276,276,CLBG-NBody,G1,Medium,openjdk,4,42.33937072753906,2134.84375,2.8209857212172613,3768700928,1.4059262,30.114931158932144
run_277,277,CLBG-NBody,G1,Medium,oracle,1,39.16630554199219,2000.78125,2.606116476986143,3780988928,1.4050485,27.87541180392861
run_278,278,CLBG-NBody,G1,Medium,oracle,2,40.63319396972656,2152.09375,2.7561655938625336,3762450432,1.4054084,28.912018719773243
run_279,279,CLBG-NBody,G1,Medium,oracle,3,39.288299560546875,2370.40625,2.6895073701937995,3756679168,1.4059623,27.94406333693789
run_28,28,DaCapo,Parallel,Light,openjdk,4,36.14688110354473,2311.96875,4.892319289036095,6934114304,1.2055982,29.98252743206213
run_280,280,CLBG-NBody,G1,Medium,oracle,4,37.734283447265625,2331.375,2.705674014157719,3744743424,1.4088811,26.783156823713245
run_281,281,CLBG-NBody,G1,Heavy,openjdk,1,86.54768371582031,2241.25,2.754832381506761,3741962240,2.6062481,33.20776856041461
run_282,282,CLBG-NBody,G1,Heavy,openjdk,2,77.61054992675781,2491.09375,2.7249754438797633,3746934784,2.6046035,29.79745282794783
run_283,283,CLBG-NBody,G1,Heavy,openjdk,3,79.75202941894531,2285.84375,2.7170187095801035,3756761088,2.6063673,30.598921886007897
run_284,284,CLBG-NBody,G1,Heavy,openjdk,4,80.909759521484375,2242.6875,2.723600574831168,3751948288,2.6059282,31.048345661052508
run_285,285,CLBG-NBody,G1,Heavy,oracle,1,78.9168701171875,2159.28125,2.651881104707718,3749330944,2.6062818,30.27948478832469
run_286,286,CLBG-NBody,G1,Heavy,oracle,2,80.14564514160156,2266.09375,2.7501601030429206,3747041280,2.6065025,30.748347696425213
run_287,287,CLBG-NBody,G1,Heavy,oracle,3,80.16957092285156,2966.28125,2.826959228515625,3751493632,2.6063852,30.75891120117301
run_288,288,CLBG-NBody,G1,Heavy,oracle,4,77.29594421386719,2232.625,2.697207779685656,3753619456,2.6062324,29.658116526318675
run_289,289,Rosetta,Serial,Light,openjdk,1,3.1726226806640625,2101.0625,1.3034891088803608,3714347008,0.20575823,15.41917754961278
run_29,29,DaCapo,Parallel,Light,oracle,1,36.356353759765625,2706.21875,5.339623123407364,6919090176,1.2060705,30.144468138276846
run_290,290,Rosetta,Serial,Light,openjdk,2,3.0979156494140625,2101.1875,1.342514619231224,3736252416,0.20572612,15.058445905721948
run_291,291,Rosetta,Serial,Light,openjdk,3,3.14642333984375,2532.21875,1.222054347395897,3741888512,0.20573616,15.293487250096192
run_292,292,Rosetta,Serial,Light,openjdk,4,3.03289794921875,2117.53125,1.411018654704094,3740635136,0.2056901,14.74498747979971
run_293,293,Rosetta,Serial,Light,oracle,1,3.5581817626953125,2257.46875,1.665760224064191,3745640448,0.20577428,17.291673977405303
run_294,294,Rosetta,Serial,Light,oracle,2,3.162384033203125,2333.1875,1.210909903049469,3738210304,0.20574814,15.370170700950808
run_295,295,Rosetta,Serial,Light,oracle,3,3.0461578369140625,2095.84375,1.203208367029826,3737546752,0.20577323,14.803469999057032
run_296,296,Rosetta,Serial,Light,oracle,4,3.143951416015625,2216.84375,0.7810793121655782,3724275712,0.20575579,15.280014312188372
run_297,297,Rosetta,Serial,Medium,openjdk,1,3.16741943359375,2276.1875,1.1706351439158122,3736858624,0.20577358,15.392741058369834
run_298,298,Rosetta,Serial,Medium,openjdk,2,3.0745391845703125,2076.0625,1.1969417830308278,3735035904,0.20589057,14.932880046766167
run_299,299,Rosetta,Serial,Medium,openjdk,3,2.8853759765625,2162.3125,1.1592033058404922,3743305728,0.2057473,14.023882581022935
run_3,3,DaCapo,Serial,Light,openjdk,3,45.67047119140625,2104.8125,4.9203886380419135,7015186432,1.2033173,37.95380585935751
run_30,30,DaCapo,Parallel,Light,oracle,2,36.18977355957031,2232.65625,4.429016560316086,6915821568,1.2061244,30.005009068360042
run_300,300,Rosetta,Serial,Medium,openjdk,4,2.84503173828125,2132.46875,1.758457417289416,3734212608,0.20619364,13.797863689109178
run_301,301,Rosetta,Serial,Medium,oracle,1,3.084259033203125,2183.0625,0.9894353846708933,3729821696,0.20583594,14.984064654613404
run_302,302,Rosetta,Serial,Medium,oracle,2,3.1522064208984375,2058.34375,1.5849154740571976,3730763776,0.20557503,15.333605549752019
run_303,303,Rosetta,Serial,Medium,oracle,3,3.132568359375,2146.8125,1.818949778874715,3729825792,0.20545192,15.247208978991289
run_304,304,Rosetta,Serial,Medium,oracle,4,3.163665771484375,1940.28125,1.3821839640537898,3720142848,0.20588368,15.366277557717906
run_305,305,Rosetta,Serial,Heavy,openjdk,1,2.9720611572265625,2544.65625,1.4929533402125041,3730546688,0.20516697,14.48606058385793
run_306,306,Rosetta,Serial,Heavy,openjdk,2,3.05194091796875,2357.125,0.8893226683139801,3732799488,0.20579118,14.830280471537945
run_307,307,Rosetta,Serial,Heavy,openjdk,3,3.0808258056640625,2295.5,1.3906360566616058,3728011264,0.20590737,14.962192978639193
run_308,308,Rosetta,Serial,Heavy,openjdk,4,2.99481201171875,2140.46875,1.7509007851282756,3738804224,0.20576228,14.554718249227944
run_309,309,Rosetta,Serial,Heavy,oracle,1,2.7584381103515625,2727.28125,1.4167815099159877,3742527488,0.20575662,13.406315239585304
run_31,31,DaCapo,Parallel,Light,oracle,3,37.218231201171875,2368.5625,4.557670978829265,6934818816,1.2061102,30.858068525721677
run_310,310,Rosetta,Serial,Heavy,oracle,2,3.0216827392578125,2188.1875,1.3656035264333088,3734827008,0.20566349,14.692363429492577
run_311,311,Rosetta,Serial,Heavy,oracle,3,3.2333526611328125,2209.375,1.0179369399944942,3738071040,0.20590618,15.70303844757264
run_312,312,Rosetta,Serial,Heavy,oracle,4,3.0970916748046875,2935.59375,1.080204536517461,3747782656,0.20562415,15.061906273191585
run_313,313,Rosetta,Parallel,Light,openjdk,1,3.1525421142578125,2170.5625,1.112445890903473,3739160576,0.20587943,15.312564806779445
run_314,314,Rosetta,Parallel,Light,openjdk,2,2.98468017578125,2187.21875,1.475478117664655,3755388928,0.20591708,14.494573134881525
run_315,315,Rosetta,Parallel,Light,openjdk,3,3.061126708984375,2007.21875,1.4230445722738903,3748835328,0.20560119,14.888662409903246
run_316,316,Rosetta,Parallel,Light,openjdk,4,3.0730133056640625,2282.125,1.1456564863522847,3733180416,0.20573764,14.936563409904297
run_317,317,Rosetta,Parallel,Light,oracle,1,3.1427764892578125,2219,1.2735468049844105,3731841024,0.20573458,15.275878703802796
run_318,318,Rosetta,Parallel,Light,oracle,2,3.0731964111328125,2320.65625,0.8578376621007919,3741212672,0.20564763,14.943991385326505
run_319,319,Rosetta,Parallel,Light,oracle,3,3.12603759765625,2539.09375,1.3322076797485352,3744518144,0.20510115,15.241443539718084
run_32,32,DaCapo,Parallel,Light,oracle,4,36.47294616699219,2417.15625,5.387528790161014,6933184512,1.2052882,30.26076764627098
run_320,320,Rosetta,Parallel,Light,oracle,4,3.2117767333984375,2068.09375,1.6286319543917973,3736780800,0.20563081,15.619141574156313
run_321,321,Rosetta,Parallel,Medium,openjdk,1,3.044586181640625,2107.46875,1.9729783684015274,3734016000,0.20567493,14.802903696822092
run_322,322,Rosetta,Parallel,Medium,openjdk,2,3.236480712890625,2272.84375,1.4893202582995098,3732713472,0.20565228,15.737635940095705
run_323,323,Rosetta,Parallel,Medium,openjdk,3,3.000732421875,2307.90625,1.2354862143596013,3765841920,0.20567307,14.589816848044325
run_324,324,Rosetta,Parallel,Medium,openjdk,4,2.9500885009765625,2194.28125,1.4097785751024883,3755241472,0.2056078,14.348135143591646
run_325,325,Rosetta,Parallel,Medium,oracle,1,3.2657318115234375,2063.15625,1.330848400791486,3756539904,0.20579222,15.869073240589161
run_326,326,Rosetta,Parallel,Medium,oracle,2,2.9225921630859375,2167.75,1.3269656995932262,3744362496,0.20579278,14.20162633055415
run_327,327,Rosetta,Parallel,Medium,oracle,3,3.2110443115234375,2165.34375,1.4884694814682007,3742117888,0.2052816,15.642143823525524
run_328,328,Rosetta,Parallel,Medium,oracle,4,3.0547027587890625,2167.21875,1.1825371086597443,3724525568,0.20569262,14.850813601329316
run_329,329,Rosetta,Parallel,Heavy,openjdk,1,3.418121337890625,2342.84375,1.4918049822251003,3718549504,0.20573837,16.613922516692558
run_33,33,DaCapo,Parallel,Medium,openjdk,1,80.54551696777344,2165.65625,4.188738791988446,6942511104,2.2050655,36.527494066626794
run_330,330,Rosetta,Parallel,Heavy,openjdk,2,2.954071044921875,2130.15625,1.125544289747874,3725217792,0.20571144,14.36026622983085
run_331,331,Rosetta,Parallel,Heavy,openjdk,3,3.034332275390625,2179.34375,1.5459280262390773,3721912320,0.20570849,14.750641917553452
run_332,332,Rosetta,Parallel,Heavy,openjdk,4,3.1749725341796875,2383.53125,1.2025898844003677,3717545984,0.20578137,15.428862846912175
run_333,333,Rosetta,Parallel,Heavy,oracle,1,2.8030242919921875,2654.4375,1.1897047460079193,3714973696,0.20583473,13.617839380128842
run_334,334,Rosetta,Parallel,Heavy,oracle,2,3.0675811767578125,2291.75,1.1345984985431035,3715088384,0.2057525,14.909083373265513
run_335,335,Rosetta,Parallel,Heavy,oracle,3,2.9922637939453125,2155.65625,1.213867689172427,3724431360,0.20556562,14.556246292280354
run_336,336,Rosetta,Parallel,Heavy,oracle,4,3.24432373046875,2063.375,1.5331770380338032,3719241728,0.20566675,15.774663286451261
run_337,337,Rosetta,G1,Light,openjdk,1,2.90081787109375,2166.71875,1.0119782189528148,3720552448,0.20605166,14.07810968906414
run_338,338,Rosetta,G1,Light,openjdk,2,3.2225494384765625,2289.90625,1.6020437926054,3726655488,0.20577224,15.660758897684948
run_339,339,Rosetta,G1,Light,openjdk,3,3.3028717041015625,2168.21875,1.1660853028297424,3727286272,0.20547141,16.074604754508485
run_34,34,DaCapo,Parallel,Medium,openjdk,2,84.92613220217754,2286.5625,4.492982564637294,6976729088,2.2062838,38.49284131179205
run_340,340,Rosetta,G1,Light,openjdk,4,2.9158782958984375,2132.53125,1.2995358208815257,3739885568,0.2056358,14.179818377434461
run_341,341,Rosetta,G1,Light,oracle,1,3.135589599609375,2174.625,1.1067331830660503,3734908928,0.20566384,15.246188146683322
run_342,342,Rosetta,G1,Light,oracle,2,2.958984375,2189.03125,1.0670567800601323,3741048832,0.2059721,14.365947499685637
run_343,343,Rosetta,G1,Light,oracle,3,3.1420440673828125,2133.78125,1.2773593018452327,3728359424,0.20588009,15.261524644674541
run_344,344,Rosetta,G1,Light,oracle,4,3.2144317626953125,2242.84375,1.0555049280325572,3749736448,0.20598444,15.605216407100034
run_345,345,Rosetta,G1,Medium,openjdk,1,3.2498016357421875,2645.0625,1.2330820659796398,3746664448,0.20591173,15.782498819966147
run_346,346,Rosetta,G1,Medium,openjdk,2,3.149932861328125,2150.875,1.258114332954089,3736821760,0.20573266,15.31080607876321
run_347,347,Rosetta,G1,Medium,openjdk,3,3.161407470703125,2239.3125,1.4450185149908066,3753312256,0.20589374,15.354558476149519
run_348,348,Rosetta,G1,Medium,openjdk,4,3.1655731201171875,2155.6875,1.3568373223145802,3752431616,0.20574695,15.38575964366513
run_349,349,Rosetta,G1,Medium,oracle,1,3.3763580322265625,2127.3125,1.2438575228055317,3755483136,0.20571108,16.41310731646814
run_35,35,DaCapo,Parallel,Medium,openjdk,3,83.86114501956035,2190.53125,4.2618836350739,6962593792,2.0038004,41.851047149985774
run_350,350,Rosetta,G1,Medium,oracle,2,3.262969970703125,2275.84375,0.8800138781468073,3746594816,0.20566438,15.865508508100065
run_351,351,Rosetta,G1,Medium,oracle,3,3.4377899169921875,2166.53125,1.1848568419615428,3744612352,0.20574269,16.709171621077704
run_352,352,Rosetta,G1,Medium,oracle,4,2.911468505859375,2196,1.4692279895146687,3770167296,0.20581223,14.14623662480784
run_353,353,Rosetta,G1,Heavy,openjdk,1,3.1555328369140625,2100.5625,1.2736927320559819,3782197248,0.20562066,15.346380256313068
run_354,354,Rosetta,G1,Heavy,openjdk,2,3.2110595703125,2360.3125,1.1954453984896343,3763744768,0.20578077,15.604274249301817
run_355,355,Rosetta,G1,Heavy,openjdk,3,3.2624359130859375,2195.84375,1.2469462503989537,3735543808,0.20561081,15.867044700061916
run_356,356,Rosetta,G1,Heavy,openjdk,4,2.9370880126953125,2108.09375,1.0651227434476216,3723644928,0.20562716,14.283560657528472
run_357,357,Rosetta,G1,Heavy,oracle,1,2.9579315185546875,2200.34375,1.1639676094055176,3721932800,0.20527309,14.40973835661892
run_358,358,Rosetta,G1,Heavy,oracle,2,3.385040283203125,2972.65625,1.3174782147010167,3723681792,0.2058353,16.44538270745166
run_359,359,Rosetta,G1,Heavy,oracle,3,3.1790618896484375,2164.84375,1.2762958606084187,3732975616,0.20816761,15.271645236492063
run_36,36,DaCapo,Parallel,Medium,openjdk,4,82.4818115234084,2020.28125,4.261729786029229,6938923008,2.2055855,37.39678716758357
run_360,360,Rosetta,G1,Heavy,oracle,4,3.170501708984375,2316.28125,1.294952541589737,3729674240,0.20568414,15.41441994012944
run_361,361,PetClinic,Serial,Light,openjdk,1,999.01080322265625,2161.625,0.8389912821937086,6312222720,119.581436,8.354229859078263
run_362,362,PetClinic,Serial,Light,openjdk,2,1020.3134002685547,2077.46875,1.0203140974666718,6347436032,119.57831,8.532595922024276
run_363,363,PetClinic,Serial,Light,openjdk,3,1154.3910522460938,2155.15625,1.0492646496040197,6435725312,119.57197,9.654361739177617
run_364,364,PetClinic,Serial,Light,openjdk,4,910.0906677246094,2120.75,0.6993856025558083,6188494848,119.59211,7.609955771535508
run_365,365,PetClinic,Serial,Light,oracle,1,960.3238677978516,2197.0625,0.8102914692588362,6196908032,119.581314,8.030718476616267
run_366,366,PetClinic,Serial,Light,oracle,2,901.9419403076208,2035.65625,0.7264345434676228,6193651712,119.58463,7.542289843666538
run_367,367,PetClinic,Serial,Light,oracle,3,1454.6445922851563,2097.09375,1.7658097788316809,6407671808,107.33059,13.552935768685854
run_368,368,PetClinic,Serial,Light,oracle,4,1968.2926177978534,2246.59375,2.075065016523004,7337398272,119.66468,16.448400796273834
run_369,369,PetClinic,Serial,Medium,openjdk,1,1469.7319946289063,2162.78125,1.3603428597996632,5537439744,119.729706,12.275416383540659
run_37,37,DaCapo,Parallel,Medium,oracle,1,83.48014831542969,2186.90625,4.547101938476165,6938554368,2.004103,41.65461970538924
run_370,370,PetClinic,Serial,Medium,openjdk,2,2016.9344024658203,2162.78125,2.1742579800138873,5843259392,119.67304,16.853707422037747
run_371,371,PetClinic,Serial,Medium,openjdk,3,1731.344818115238,2995.21875,1.67590930065761,5942697984,119.679085,14.466561288593057
run_372,372,PetClinic,Serial,Medium,openjdk,4,1072.6826171875,2658.21875,0.9915477792811712,5923069952,119.5722,8.971003437149271
run_373,373,PetClinic,Serial,Medium,oracle,1,926.6109313964844,2074.3125,0.8018830718226942,5906075648,119.59422000000001,7.747957479855501
run_374,374,PetClinic,Serial,Medium,oracle,2,1191.3915100097656,2371.15625,1.148207939638817,5911638016,119.57887,9.963227700761562
run_375,375,PetClinic,Serial,Medium,oracle,3,934.1469573974609,2120.90625,0.9403542947515422,5909274624,119.59925,7.810642269056545
run_376,376,PetClinic,Serial,Medium,oracle,4,955.6632843017578,1911.3125,0.8285516168244295,5967597568,119.592384,7.99100454675908
run_377,377,PetClinic,Serial,Heavy,openjdk,1,1236.6580352783203,2074.28125,1.1440814591447512,6038577152,119.756454,10.326441656984269
run_378,378,PetClinic,Serial,Heavy,openjdk,2,904.3741149902344,1953.21875,0.772746535705306,6048632832,119.60797,7.561152613745008
run_379,379,PetClinic,Serial,Heavy,openjdk,3,947.9583892822266,2037.21875,0.8431269079819943,6099382272,119.60228,7.925922392802433
run_38,38,DaCapo,Parallel,Medium,oracle,2,86.5216064453125,2511.0625,4.357766530834711,6933798912,2.2043166,39.250988921152484
run_380,380,PetClinic,Serial,Heavy,openjdk,4,900.4308319091797,2034.5,0.7228487865106888,6020259840,119.60448,7.5284038851151704
run_381,381,PetClinic,Serial,Heavy,oracle,1,969.8724975585974,1995.1875,0.831674266152569,6023839744,119.59707,8.109500488252742
run_382,382,PetClinic,Serial,Heavy,oracle,2,960.1077575683594,1953.1875,0.8462408233017277,6093762560,119.598946,8.0277275818832
run_383,383,PetClinic,Serial,Heavy,oracle,3,1024.6833801269531,1995.3125,0.8772969813224469,6007406592,119.58475,8.568679368623116
run_384,384,PetClinic,Serial,Heavy,oracle,4,1782.4049530029297,2498.40625,2.294415864571929,7516966912,119.66127,14.895420657017343
run_385,385,PetClinic,Parallel,Light,openjdk,1,1253.6904449462963,2120.84375,1.0485840416948,6985777152,119.65137,10.477861180747837
run_386,386,PetClinic,Parallel,Light,openjdk,2,1276.435287475586,3260.96875,1.0892337036505342,6945075200,119.65017,10.668060793190564
run_387,387,PetClinic,Parallel,Light,openjdk,3,1284.3492889404297,2410.09375,1.216159007884562,6865260544,119.65084,10.73414352076784
run_388,388,PetClinic,Parallel,Light,openjdk,4,1324.2185516357422,2412.5625,1.1622083521261812,6875516928,119.65102,11.067340267017716
run_389,389,PetClinic,Parallel,Light,oracle,1,1292.0095062255787,2662.96875,1.1338140214358767,6851723264,119.65055,10.798191117596858
run_39,39,DaCapo,Parallel,Medium,oracle,3,81.483062744140625,2093.28125,5.048497632719004,6946070528,2.2042303,36.96667391975359
run_390,390,PetClinic,Parallel,Light,oracle,2,1303.8180084228516,2119.5,1.0904429927840829,6799372288,119.65039,10.896897272318556
run_391,391,PetClinic,Parallel,Light,oracle,3,1315.5782623291016,2456.28125,1.0535412691285213,6850424832,119.64796,10.995409051095411
run_392,392,PetClinic,Parallel,Light,oracle,4,1314.1495056152344,2665.5625,1.1863399643699328,6876246016,119.65355,10.982954585260817
run_393,393,PetClinic,Parallel,Medium,openjdk,1,1444.4730377197266,2288.375,1.3441112760826945,6860410880,119.649666,12.072520434112425
run_394,394,PetClinic,Parallel,Medium,openjdk,2,1289.5889587402344,2204.15625,1.2585991194099189,6931517440,119.65083,10.77793575473095
run_395,395,PetClinic,Parallel,Medium,openjdk,3,1310.194320678711,2329.3125,1.131985423974693,6896975872,119.65064,10.950165587737024
run_396,396,PetClinic,Parallel,Medium,openjdk,4,1337.0158081054688,2204.5625,1.2649592176824809,6920069120,119.65172,11.174229740328586
run_397,397,PetClinic,Parallel,Medium,oracle,1,1298.3495330810547,2288.25,1.178670649342239,6915383296,119.65171,10.851073779731646
run_398,398,PetClinic,Parallel,Medium,oracle,2,1302.9180908203125,2330.25,1.152896490159134,6905364480,119.65188,10.88924044336213
run_399,399,PetClinic,Parallel,Medium,oracle,3,1324.7320709228516,2288.75,1.1779192837576071,6938984448,119.65227,11.071516411037178
run_4,4,DaCapo,Serial,Light,openjdk,4,61.94459533688496,2564.46875,7.7315147923571725,6979088384,1.0032163,61.74600167170824
run_40,40,DaCapo,Parallel,Medium,oracle,4,79.4595947265625,2226.9375,4.497467330346505,6946115584,2.0037706,39.65503572442998
run_400,400,PetClinic,Parallel,Medium,oracle,4,1320.8007202148438,2410.78125,1.1937860300764442,6956494848,119.649025,11.038959324698583
run_401,401,PetClinic,Parallel,Heavy,openjdk,1,1292.8792572021412,2288.4375,1.1817159100870291,6913888256,119.65093,10.805425893489847
run_402,402,PetClinic,Parallel,Heavy,openjdk,2,1302.1391906738281,2162.3125,1.1636094837387403,6950117376,119.6489,10.883001771632069
run_403,403,PetClinic,Parallel,Heavy,openjdk,3,1321.5274658203125,1995.25,1.1991951358566681,6934581248,119.65288,11.044677452145844
run_404,404,PetClinic,Parallel,Heavy,openjdk,4,1375.4201354980469,2120.65625,1.2138320822268724,6871191552,119.653755,11.49500185345664
run_405,405,PetClinic,Parallel,Heavy,oracle,1,1325.6558074951172,2079.09375,1.177828230522573,6994419712,119.649315,11.079510212784061
run_406,406,PetClinic,Parallel,Heavy,oracle,2,1310.4502868652344,2120.65625,1.1784539648890495,6967263232,119.65087,10.95228381427761
run_407,407,PetClinic,Parallel,Heavy,oracle,3,1325.7055053710938,2497.1875,1.2198029870167375,7048966144,119.64946,11.079912148129157
run_408,408,PetClinic,Parallel,Heavy,oracle,4,1330.1300048828125,2120.625,1.1994491379832228,7020126208,119.650986,11.116749216615837
run_409,409,PetClinic,G1,Light,openjdk,1,1329.5138702392578,2414.09375,1.2664275769889355,6982770688,119.64923,11.111762860816219
run_41,41,DaCapo,Parallel,Heavy,openjdk,1,431.19241333010723,2239.6875,3.8495954408768625,7188447232,12.207129,35.32299964472459
run_410,410,PetClinic,G1,Light,openjdk,2,1306.785140991211,2246.28125,1.247191039447983,6966423552,119.65137,10.9216061712558
run_411,411,PetClinic,G1,Light,openjdk,3,1293.584487915039,2246.375,1.2411847839628656,6991405056,119.649925,10.811410771172978
run_412,412,PetClinic,G1,Light,openjdk,4,1366.0212860107422,2287.90625,1.3016488305230935,6961836032,119.65503,11.416329810880013
run_413,413,PetClinic,G1,Light,oracle,1,1225.2388916015625,2078.84375,1.1046847171336411,6978101248,119.65298,10.239936285762063
run_414,414,PetClinic,G1,Light,oracle,2,1298.103500366211,2204.8125,1.2157150241360068,6980444160,119.655235,10.848697930902988
run_415,415,PetClinic,G1,Light,oracle,3,1260.3364562988281,2497.5,1.168347813511888,6992748544,119.65267,10.533291537069989
run_416,416,PetClinic,G1,Light,oracle,4,1278.8309478759766,2245.8125,1.1529128523295125,7041585152,119.654564,10.687690507785199
run_417,417,PetClinic,G1,Medium,openjdk,1,1756.1730499267578,2162.53125,1.2427433600152533,7000018944,119.64691,14.67796410226355
run_418,418,PetClinic,G1,Medium,openjdk,2,2176.2509002685547,2500.71875,0.9343377002576987,6718873600,119.64363,18.189442265071317
run_419,419,PetClinic,G1,Medium,openjdk,3,2171.3665924072266,2372.0625,0.9023277661452691,6658605056,119.64338,18.148656385394887
run_42,42,DaCapo,Parallel,Heavy,openjdk,2,416.02015686038067,2117.84375,4.243353667038102,7179993088,12.008636,34.643414694256755
run_420,420,PetClinic,G1,Medium,openjdk,4,2170.1209259033203,2476.4375,0.8804471086586515,6670753792,119.644104,18.13813513036397
run_421,421,PetClinic,G1,Medium,oracle,1,2164.182861328125,2309.53125,0.934323792544504,6656688128,119.64188,18.08884030682337
run_422,422,PetClinic,G1,Medium,oracle,2,2218.9425201416016,2566.5,1.0318774488940834,6942253056,119.64431,18.546160031693955
run_423,423,PetClinic,G1,Medium,oracle,3,2166.617340087876,2726.78125,0.8775981266548236,6589308928,119.64623,18.108529956087008
run_424,424,PetClinic,G1,Medium,oracle,4,2163.8035430908203,2353.3125,0.9015203479056557,6642683904,119.64279,18.085532300699608
run_425,425,PetClinic,G1,Heavy,openjdk,1,2176.202774047837,2410.25,0.9417456772550941,6637498368,119.64366,18.189035457857415
run_426,426,PetClinic,G1,Heavy,openjdk,2,1284.5928649902198,2161.875,0.7464913460612297,4748673024,119.775406,10.725013655893763
run_427,427,PetClinic,G1,Heavy,openjdk,3,1289.3003234863281,2728.96875,0.7286613615602255,4681592832,119.774765,10.764373643198784
run_428,428,PetClinic,G1,Heavy,openjdk,4,1357.8645629882813,2066,0.7103393475959698,4714078208,119.76613,11.337634129016953
run_429,429,PetClinic,G1,Heavy,oracle,1,1331.9820098876808,2125,0.7111117897679409,4661387264,119.772285,11.120953481748142
run_43,43,DaCapo,Parallel,Heavy,openjdk,3,432.0112609863281,3037.625,3.902584721101448,7186882560,12.408133,34.81678194345017
run_430,430,PetClinic,G1,Heavy,oracle,2,1353.0869598388672,2121.5625,0.7476139326269428,4725166080,119.76174,11.298157156357842
run_431,431,PetClinic,G1,Heavy,oracle,3,1356.1162261963036,2181.09375,0.7678503593016347,4743577600,119.57178,11.341440481995866
run_432,432,PetClinic,G1,Heavy,oracle,4,1394.6795349121094,2255.21875,0.7825623643522461,4691427328,119.76,11.64562069899891
run_433,433,TodoApp,Serial,Light,openjdk,1,1162.3181915283203,2945.5,0.3772721889739235,4465655808,119.776794,9.704034919554788
run_434,434,TodoApp,Serial,Light,openjdk,2,1143.7567291259766,2823.9375,0.4039874674506697,4443836416,119.586525,9.564260932625784
run_435,435,TodoApp,Serial,Light,openjdk,3,1126.6694946289208,2311.84375,0.3979627238664285,4501278720,119.58505,9.421491186640143
run_436,436,TodoApp,Serial,Light,openjdk,4,1219.8618469238281,2367.4375,0.49144634927851527,4461342720,119.5774,10.201441467399594
run_437,437,TodoApp,Serial,Light,oracle,1,1392.4961547851563,2080.25,0.5488402492552996,4494921728,119.76587,11.626819516988906
run_438,438,TodoApp,Serial,Light,oracle,2,1205.0921020507813,2250.28125,0.4715150916824738,4543385600,119.77715,10.061118519273343
run_439,439,TodoApp,Serial,Light,oracle,3,1261.306793212876,2036.3125,0.45987605342020593,4495298560,119.777435,10.53042080265683
run_44,44,DaCapo,Parallel,Heavy,openjdk,4,570.0680084228516,2163.3125,5.127047065131623,7329157120,11.2073965,50.865337763578864
run_440,440,TodoApp,Serial,Light,oracle,4,1156.8047027587745,2093.78125,0.4227117312223167,4542615552,119.59264,9.672875377270495
run_441,441,TodoApp,Serial,Medium,openjdk,1,1288.48291015625,2457.46875,0.464022519911329,4536352768,119.76062,10.758819636673975
run_442,442,TodoApp,Serial,Medium,openjdk,2,1241.5086059570313,2151.21875,0.5072954784457883,4586348544,119.78163,10.364766333176725
run_443,443,TodoApp,Serial,Medium,openjdk,3,1259.1868133544776,2245.03125,0.4512235705860469,4504256512,119.572716,10.53072017996545
run_444,444,TodoApp,Serial,Medium,openjdk,4,1224.978042602539,2306.75,0.49887441320965686,4501766144,119.77765,10.22710031965512
run_445,445,TodoApp,Serial,Medium,oracle,1,1125.5411224365234,2436.75,0.35250146825096645,4464562176,119.59389,9.411359747864406
run_446,446,TodoApp,Serial,Medium,oracle,2,1071.8480529785156,2150.09375,0.3884929077575604,4473524224,119.80063,8.946931689578891
run_447,447,TodoApp,Serial,Medium,oracle,3,1127.3434753417969,2400.0625,0.398216097564351,4481396736,119.58626,9.427031795641046
run_448,448,TodoApp,Serial,Medium,oracle,4,1270.9614868164063,2248.34375,0.4833882217730085,4558196736,119.7735,10.611374693203473
run_449,449,TodoApp,Serial,Heavy,openjdk,1,1169.8351745605469,2051.21875,0.4371092399218445,4569157632,119.5883,9.782187509652255
run_45,45,DaCapo,Parallel,Heavy,oracle,1,377.4388885498047,2481.9375,4.246096095105387,7468818432,10.206485,36.98030110756099
run_450,450,TodoApp,Serial,Heavy,openjdk,2,1178.116943359375,2103.84375,0.4509337437649568,4583833600,119.78836,9.834986833106113
run_451,451,TodoApp,Serial,Heavy,openjdk,3,1175.2076416015625,2843.5,0.4655188088847918,4489281536,119.58724,9.827199303216318
run_452,452,TodoApp,Serial,Heavy,openjdk,4,1133.0193786620803,2191.5,0.41686061871718483,4471533568,119.59657,9.473677871046638
run_453,453,TodoApp,Serial,Heavy,oracle,1,1134.9707489013672,2077.5625,0.4486479740465681,4537384960,119.79749,9.474077870090326
run_454,454,TodoApp,Serial,Heavy,oracle,2,1149.5101623535156,2647.96875,0.44505307534849503,4558131200,119.595146,9.611679075616628
run_455,455,TodoApp,Serial,Heavy,oracle,3,1129.7642822265625,2243.9375,0.4220807245870431,4514205696,119.797195,9.43064052732255
run_456,456,TodoApp,Serial,Heavy,oracle,4,1101.4427490234375,2204.28125,0.4362866059194423,4551712768,119.60542,9.208970204054612
run_457,457,TodoApp,Parallel,Light,openjdk,1,1155.7960662841797,2533,0.45197152970778526,4520820736,119.59124,9.664554580119578
run_458,458,TodoApp,Parallel,Light,openjdk,2,1113.329818725586,2907.6875,0.43969747742547816,4516630528,119.60051,9.30873805409012
run_459,459,TodoApp,Parallel,Light,openjdk,3,1095.2158813476563,2167.09375,0.4165502736509742,4570009600,119.60786,9.156721651467189
run_46,46,DaCapo,Parallel,Heavy,oracle,2,412.30113220214844,2201.5,3.91194790357449,7422132224,11.807541,34.91845865300391
run_460,460,TodoApp,Parallel,Light,openjdk,4,1090.9054718017578,2156.21875,0.42626333723034404,4526211072,119.6096,9.120551124673586
run_461,461,TodoApp,Parallel,Light,oracle,1,1070.5782165527344,2442.40625,0.4482661710930786,4502921216,119.60731,8.950775805866167
run_462,462,TodoApp,Parallel,Light,oracle,2,1215.6163024902344,2139.25,0.4885595448811849,4589334528,119.786194,10.148217101632216
run_463,463,TodoApp,Parallel,Light,oracle,3,1228.7782287597656,2195.71875,0.5144968036568424,4560674816,119.593445,10.274628586539718
run_464,464,TodoApp,Parallel,Light,oracle,4,1079.7344665527344,2336.09375,0.40258946379208205,4613185536,119.60575,9.027446143289385
run_465,465,TodoApp,Parallel,Medium,openjdk,1,1093.685806274414,2097.875,0.44016192690508193,4663025664,119.60543,9.144114997742276
run_466,466,TodoApp,Parallel,Medium,openjdk,2,1082.2034912109375,2289.125,0.4415818727722948,4619063296,119.60814,9.047908371545093
run_467,467,TodoApp,Parallel,Medium,openjdk,3,1075.7637939453125,2164.5,0.4301985501621124,4634705920,119.60746,8.994119546935554
run_468,468,TodoApp,Parallel,Medium,openjdk,4,1066.1915740966797,2345.03125,0.4173236233936327,4602654720,119.60822,8.914032614954722
run_469,469,TodoApp,Parallel,Medium,oracle,1,1073.291732788086,2121.8125,0.4123167155033758,4577718272,119.61382,8.972974300027253
run_47,47,DaCapo,Parallel,Heavy,oracle,3,349.45640563959023,2446.90625,3.5861267945063964,7446728704,10.806706,32.33699571725096
run_470,470,TodoApp,Parallel,Medium,oracle,2,1229.5045013427734,2169.84375,0.4966088331029292,4619644928,119.5904,10.28096319890872
run_471,471,TodoApp,Parallel,Medium,oracle,3,1092.6609497070313,2215.34375,0.4407439839113535,4609036288,119.606544,9.135461264619696
run_472,472,TodoApp,Parallel,Medium,oracle,4,1071.6728820800781,2290.84375,0.4412921962137015,4677128192,119.610344,8.959700693445695
run_473,473,TodoApp,Parallel,Heavy,openjdk,1,1076.1416473388672,2463.59375,0.4167017874639102,4627165184,119.60773,8.997258348928344
run_474,474,TodoApp,Parallel,Heavy,openjdk,2,1056.8980102539063,2066.25,0.419569100655976,4591316992,119.61485,8.83584279254546
run_475,475,TodoApp,Parallel,Heavy,openjdk,3,1082.7460174560547,2200.15625,0.44799281952775183,4594171904,119.61487,9.051934909564794
run_476,476,TodoApp,Parallel,Heavy,openjdk,4,1101.4273986816406,2317.25,0.4351641155766923,4614909952,119.60404,9.20894811480984
run_477,477,TodoApp,Parallel,Heavy,oracle,1,1616.6838073730469,2046.9375,1.028907705079733,6221901824,119.59224,13.518300245676867
run_478,478,TodoApp,Parallel,Heavy,oracle,2,1659.665267944336,2324.71875,0.7818728328868747,6100639744,119.764404,13.857750821724425
run_479,479,TodoApp,Parallel,Heavy,oracle,3,1370.3848114013672,2312.53125,0.5898468872790344,6056562688,119.58833,11.459185117823514
run_48,48,DaCapo,Parallel,Heavy,oracle,4,313.2007598876953,2426.5625,4.792337549951943,7432380416,10.607019,29.52768915448302
run_480,480,TodoApp,Parallel,Heavy,oracle,4,1158.0530242919922,2037.09375,0.49269180599357526,6066380800,119.5988,9.682814746402073
run_481,481,TodoApp,G1,Light,openjdk,1,1122.8505249023438,2231.09375,0.4773517892585573,6048600064,119.60115,9.38829204319811
run_482,482,TodoApp,G1,Light,openjdk,2,1121.8450012207031,2321.5625,0.4968824135760466,5917491200,119.806244,9.363827491501219
run_483,483,TodoApp,G1,Light,openjdk,3,1177.1753997802734,2058.0625,0.5535429076156354,5889720320,119.597435,9.842814770904354
run_484,484,TodoApp,G1,Light,openjdk,4,1122.0869598388963,2485.40625,0.511897104685016,5961146368,119.60351,9.38172265879903
run_485,485,TodoApp,G1,Light,oracle,1,1925.458511352539,2215.40625,2.590066569940505,6199848960,119.74801,16.07925268530591
run_486,486,TodoApp,G1,Light,oracle,2,1685.2938385010057,2305.84375,0.6709095000723998,6766247936,119.743256,14.074227599932689
run_487,487,TodoApp,G1,Light,oracle,3,1649.7792358398438,2167.78125,0.6374525312458476,6642851840,119.74544,13.777386728378499
run_488,488,TodoApp,G1,Light,oracle,4,1480.060317993164,2211.46875,0.5144751619299253,6588575744,119.75882,12.358674859965754
run_489,489,TodoApp,G1,Medium,openjdk,1,1487.9498138428025,2180.6875,0.524400752529079,6608519168,119.56611,12.444578265888241
run_49,49,DaCapo,G1,Light,openjdk,1,42.99949645990273,2332.84375,5.424834094941616,7300653056,1.2036964000000001,35.722875352873636
run_490,490,TodoApp,G1,Medium,openjdk,2,1509.8396301269531,2423.09375,0.5271611676365137,6654935040,119.76202,12.60699869730782
run_491,491,TodoApp,G1,Medium,openjdk,3,1458.1159362792969,2146.21875,0.48682231753318256,6628909056,119.55787,12.195900916261698
run_492,492,TodoApp,G1,Medium,openjdk,4,1500.3722381591797,2129.75,0.5402308428287506,6599946240,119.76061,12.528094489157827
run_493,493,TodoApp,G1,Medium,oracle,1,1514.4856872558303,2289.96875,0.48643106858996993,6580957184,119.56169,12.666981265117867
run_494,494,TodoApp,G1,Medium,oracle,2,1555.106933593721,2288.25,0.5768551908930143,6603444224,119.75499,12.985738077333735
run_495,495,TodoApp,G1,Medium,oracle,3,1544.4871368408203,2335.375,0.5850385985150933,6628192256,119.75819,12.896714093965684
run_496,496,TodoApp,G1,Medium,oracle,4,1475.1687927246094,2037.59375,0.4909538730358084,6644117504,119.76121500000001,12.317583724619103
run_497,497,TodoApp,G1,Heavy,openjdk,1,1491.2220916748047,2182.625,0.5281482841074466,6698196992,119.758316,12.451929364761648
run_498,498,TodoApp,G1,Heavy,openjdk,2,1497.1545715332031,2108.6875,0.49887669369578364,6610665472,119.762146,12.501066668705178
run_499,499,TodoApp,G1,Heavy,openjdk,3,1489.7576904296875,2171.96875,0.4566021895532807,6595948544,119.76271,12.439244990612583
run_5,5,DaCapo,Serial,Light,oracle,1,47.82171630859375,2574.1875,5.621365828173501,7101231104,1.0053668,47.56643675581265
run_50,50,DaCapo,G1,Light,openjdk,2,43.33639526370098,2524.15625,4.967978481203318,7304781824,1.2038823,35.99720276949082
run_500,500,TodoApp,G1,Heavy,openjdk,4,1500.7134246826172,2319.34375,0.4518751170237859,6631366656,119.76028,12.530977922585162
run_501,501,TodoApp,G1,Heavy,oracle,1,1473.772232055664,2747,0.5125801342233195,6600589312,119.572655,12.32532832908715
run_502,502,TodoApp,G1,Heavy,oracle,2,1534.5617218017287,2237.125,0.6273800056551894,6739914752,119.74753,12.814975989915856
run_503,503,TodoApp,G1,Heavy,oracle,3,1531.2000579833984,2496,0.524340129853887,6621356032,119.560875,12.806865607025697
run_504,504,TodoApp,G1,Heavy,oracle,4,1574.1266937255568,2132.28125,0.6191159778709213,6862213120,119.741066,13.146088859151769
run_505,505,ANDIE,Serial,Light,openjdk,1,23.262069702148438,2345.3125,1.403282837735282,5954334720,1.4050721,16.555783651350303
run_506,506,ANDIE,Serial,Light,openjdk,2,19.176651001005666,2201,1.4066034033894539,5952049152,1.2053818,15.90919242434693
run_507,507,ANDIE,Serial,Light,openjdk,3,19.149353027314646,2259.65625,1.3791991248726845,5952151552,1.2054718,15.885359597225456
run_508,508,ANDIE,Serial,Light,openjdk,4,23.743148803710938,2877.09375,1.7317681387066841,5946925056,1.2051007,19.702211444828585
run_509,509,ANDIE,Serial,Light,oracle,1,17.964050292939646,2211.6875,1.3314458318054676,5953134592,1.2056437,14.899966128417248
run_51,51,DaCapo,G1,Light,openjdk,3,42.45893859863281,2190.71875,5.007778877392411,7310036992,1.2038726,35.268631081588545
run_510,510,ANDIE,Serial,Light,oracle,2,18.1634521484375,2261.25,1.243370221927762,5952667648,1.2052726,15.069995076995445
run_511,511,ANDIE,Serial,Light,oracle,3,21.06547546389629,2069.875,1.3073836313560605,5957881856,1.2041789,17.493642733564165
run_512,512,ANDIE,Serial,Light,oracle,4,19.06658935546875,2113.09375,1.479974227026105,5948772352,1.2060772,15.808763614359638
run_513,513,ANDIE,Serial,Medium,openjdk,1,18.697357177734375,2280.90625,1.3579661129042506,5961404416,1.2053249,15.51229645860164
run_514,514,ANDIE,Serial,Medium,openjdk,2,20.079620361328125,2036.25,1.508402856066823,5966192640,1.2044239,16.671555887697117
run_515,515,ANDIE,Serial,Medium,openjdk,3,19.55720520025352,2323.90625,1.3974170619621873,5941260288,1.2050796,16.228973754309276
run_516,516,ANDIE,Serial,Medium,openjdk,4,19.087142944335938,2222.40625,1.789515445008874,5942169600,1.2047515,15.843219904134536
run_517,517,ANDIE,Serial,Medium,oracle,1,18.704025268554688,2232.3125,1.409111911430955,5947854848,1.2053986,15.5168798674187
run_518,518,ANDIE,Serial,Medium,oracle,2,18.539108276367188,2271.8125,1.3108384758234024,5951889408,1.2052875,15.381482240848914
run_519,519,ANDIE,Serial,Medium,oracle,3,23.347503662051167,2280.15625,1.5777547527104616,5940142080,1.205303,19.370650916865856
run_52,52,DaCapo,G1,Light,openjdk,4,45.22735595703125,2529.15625,6.41500499099493,7295664128,1.2033278,37.585233181707636
run_520,520,ANDIE,Serial,Medium,oracle,4,16.986068725585938,2258.5625,1.4057535100728273,5953097728,1.2059385,14.085352383712715
run_521,521,ANDIE,Serial,Heavy,openjdk,1,17.688735961914063,2176.34375,1.3796248529106379,5947768832,1.2057614,14.670179325622849
run_522,522,ANDIE,Serial,Heavy,openjdk,2,18.79339599609375,2173.65625,1.5395586844533682,5950353408,1.2053137,15.592120122830886
run_523,523,ANDIE,Serial,Heavy,openjdk,3,20.535568237304688,2104.3125,1.3554168120026588,5953130496,1.205129,17.040141127883146
run_524,524,ANDIE,Serial,Heavy,openjdk,4,21.387283325224416,2205.71875,1.5987466555088758,5951991808,1.2048588,17.750862860630985
run_525,525,ANDIE,Serial,Heavy,oracle,1,18.340118408203125,2423.9375,1.3400342836976051,5952950272,1.2044462,15.22701338441113
run_526,526,ANDIE,Serial,Heavy,oracle,2,17.263412475585938,2172.875,1.3368663303554058,5957574656,1.2051053,14.325231559089431
run_527,527,ANDIE,Serial,Heavy,oracle,3,21.156982421904104,2453.1875,1.3773439060896635,5959716864,1.2056702,17.547901923680378
run_528,528,ANDIE,Serial,Heavy,oracle,4,23.036788940429688,2105.9375,1.460710909217596,5958660096,1.2051253,19.11567945709022
run_529,529,ANDIE,Parallel,Light,openjdk,1,19.82432556155254,2510.9375,1.3866807669401169,5954244608,1.2051883,16.449152021765013
run_53,53,DaCapo,G1,Light,oracle,1,39.587585449247854,2151.75,4.227002497762442,7065387008,1.2060653,32.823749633828164
run_530,530,ANDIE,Parallel,Light,openjdk,2,18.888961791992188,2198,1.421549566090107,5957935104,1.2049568,15.676048960420978
run_531,531,ANDIE,Parallel,Light,openjdk,3,18.965026855439646,2209.15625,1.2167410980910063,5960925184,1.2052999,15.734695452509078
run_532,532,ANDIE,Parallel,Light,openjdk,4,21.223953247099416,2154.4375,1.4658164735883474,5967163392,1.2055174,17.605679724821407
run_533,533,ANDIE,Parallel,Light,oracle,1,19.996536254882813,2177.40625,1.3274833355098963,5967466496,1.2041314,16.606606434217074
run_534,534,ANDIE,Parallel,Light,oracle,2,18.088104248046875,2940.8125,1.3721553776413202,5953257472,1.2053913,15.006001991259497
run_535,535,ANDIE,Parallel,Light,oracle,3,19.361465454101563,2209.9375,1.3692372292280197,5952159744,1.2045941,16.0730203261842
run_536,536,ANDIE,Parallel,Light,oracle,4,17.838821411132813,2312.84375,1.4288495630025864,5950169088,1.2048471,14.805879859056649
run_537,537,ANDIE,Parallel,Medium,openjdk,1,25.58993530270527,2302.53125,1.9720873516052961,5961170944,1.2043337,21.24820994605172
run_538,538,ANDIE,Parallel,Medium,openjdk,2,18.183441162109375,2160.5,1.4575612358748913,5975543808,1.2054533,15.08431820802131
run_539,539,ANDIE,Parallel,Medium,openjdk,3,16.717117309570313,2318.53125,1.316404553130269,5962670080,1.2056978,13.865097298485832
run_54,54,DaCapo,G1,Light,oracle,2,41.18055725094746,2930.125,5.260522368364036,7080132608,1.203489,34.21764324472218
run_540,540,ANDIE,Parallel,Medium,openjdk,4,19.735900878935354,2148,1.519887013360858,5959151616,1.2061405,16.362853978400818
run_541,541,ANDIE,Parallel,Medium,oracle,1,18.71011352541973,2186.125,1.2450894117355347,5960540160,1.2050428,15.526513685173446
run_542,542,ANDIE,Parallel,Medium,oracle,2,18.88534545901348,2125.71875,1.4866540804505348,5971279872,1.204567,15.678119572438462
run_543,543,ANDIE,Parallel,Medium,oracle,3,18.79550170901348,2359.34375,1.4029567269608378,5955846144,1.204687,15.601979359795099
run_544,544,ANDIE,Parallel,Medium,oracle,4,18.661270141601563,2123.15625,1.4431262705475092,5950652416,1.2057041,15.477487504273697
run_545,545,ANDIE,Parallel,Heavy,openjdk,1,21.88604736328125,2271.40625,1.3327944967895746,5964611584,1.2052106,18.15952113537771
run_546,546,ANDIE,Parallel,Heavy,openjdk,2,18.751281738252146,2095.8125,1.349441684782505,5959340032,1.2053137,15.55717962738841
run_547,547,ANDIE,Parallel,Heavy,openjdk,3,18.235748291015625,2146.28125,1.4367380626499653,5966606336,1.205621,15.125606049509443
run_548,548,ANDIE,Parallel,Heavy,openjdk,4,17.94099426266621,2169.84375,1.2371100634336472,5966118912,1.2062205,14.873726870556593
run_549,549,ANDIE,Parallel,Heavy,oracle,1,18.042724609404104,2848.125,1.3406404461711645,5959946240,1.2046938,14.97702122265766
run_55,55,DaCapo,G1,Light,oracle,3,38.76153564453125,2320.21875,5.410647732205689,7086817280,1.2053006,32.15922703807768
run_550,550,ANDIE,Parallel,Heavy,oracle,2,20.52618408203125,2095.1875,1.4394257310777903,5965152256,1.2044792,17.041543002179907
run_551,551,ANDIE,Parallel,Heavy,oracle,3,17.858016967773438,2684.9375,1.3502523843199015,5964251136,1.2048509,14.821765056384518
run_552,552,ANDIE,Parallel,Heavy,oracle,4,17.65733337405254,2344.71875,1.7615676615387201,5974777856,1.2056509,14.64547770341526
run_553,553,ANDIE,G1,Light,openjdk,1,18.202774047880666,2149.09375,1.3672740049660206,5970493440,1.2048608,15.107781785149509
run_554,554,ANDIE,G1,Light,openjdk,2,19.4061279296875,2259.4375,1.3674340080469847,5983571968,1.2052188,16.101746778002052
run_555,555,ANDIE,G1,Light,openjdk,3,18.488204956054688,2207.375,1.4093016628175974,5991759872,1.2043415,15.351297747403613
run_556,556,ANDIE,G1,Light,openjdk,4,19.672897338867188,2552.96875,1.3293062206357718,5988196352,1.2045612,16.332003171667147
run_557,557,ANDIE,G1,Light,oracle,1,20.952468872070313,2137.15625,1.5777680315077305,6075158528,1.2054049,17.382100298472583
run_558,558,ANDIE,G1,Light,oracle,2,24.331024169921875,2180.25,1.5672088284045458,6040870912,1.2047615,20.195718546718062
run_559,559,ANDIE,G1,Light,oracle,3,19.736572265654104,2372.78125,1.3012911109253764,6023184384,1.2056619,16.369906244573297
run_56,56,DaCapo,G1,Light,oracle,4,44.372863769502146,2620.59375,5.480908898636699,7029534720,1.2041125,36.85109470211641
run_560,560,ANDIE,G1,Light,oracle,4,17.73017883297871,2366.6875,1.3511359542608261,6010810368,1.2044911,14.720057983806363
run_561,561,ANDIE,G1,Medium,openjdk,1,19.833038330078125,2614.4375,1.5042936280369759,6014164992,1.2057061,16.44931408249334
run_562,562,ANDIE,G1,Medium,openjdk,2,17.003067016543355,2372.96875,1.4086143467575312,5991284736,1.2049488,14.111028631708962
run_563,563,ANDIE,G1,Medium,openjdk,3,21.08137512204121,2245.28125,1.4077118821442127,5992742912,1.2052504,17.49128241072661
run_564,564,ANDIE,G1,Medium,openjdk,4,19.378021240234375,2091.1875,1.2451228350400925,5994254336,1.2054234,16.075696921292863
run_565,565,ANDIE,G1,Medium,oracle,1,18.516815185546875,2236.96875,1.4123735670000315,5995421696,1.2042836,15.375792866021655
run_566,566,ANDIE,G1,Medium,oracle,2,18.94036865234375,2873,1.4201925061643124,5999976448,1.2050533,15.717453039084452
run_567,567,ANDIE,G1,Medium,oracle,3,17.81443786624004,2445.15625,1.197810323908925,5979615232,1.2044888,14.790040277867291
run_568,568,ANDIE,G1,Medium,oracle,4,19.374023437470896,2120.5,1.375723509117961,5974425600,1.2047336,16.081583046634456
run_569,569,ANDIE,G1,Heavy,openjdk,1,17.178161621064646,2960.71875,1.4773396756500006,5975867392,1.2073702,14.227750213699698
run_57,57,DaCapo,G1,Medium,openjdk,1,89.114166259765625,2285.40625,4.546159329322668,7074656256,2.204567,40.422525720363964
run_570,570,ANDIE,G1,Heavy,openjdk,2,18.808563232421875,2214.3125,1.252937264740467,5989421056,1.2054666,15.602724482305751
run_571,571,ANDIE,G1,Heavy,openjdk,3,22.188385009765625,2500.03125,1.7716165501624346,5986824192,1.2045596,18.420329728612536
run_572,572,ANDIE,G1,Heavy,openjdk,4,18.429306030273438,2338.65625,1.9989109989255667,5992521728,1.2049652,15.294471599904659
run_573,573,ANDIE,G1,Heavy,oracle,1,17.806854247988667,2065.5,1.533609271980822,5997195264,1.2046499,14.781767090993547
run_574,574,ANDIE,G1,Heavy,oracle,2,18.558319091796875,2174.5,1.144581526517868,6004518912,1.2049651,15.40154075150963
run_575,575,ANDIE,G1,Heavy,oracle,3,18.28517150875996,2293.03125,1.286580415442586,6005227520,1.2048863,15.175848135014862
run_576,576,ANDIE,G1,Heavy,oracle,4,20.986709594755666,2152.875,1.6456698309630156,5995892736,1.2047882,17.41941828012232
run_58,58,DaCapo,G1,Medium,openjdk,2,84.98478698730469,2336.90625,4.54245817890534,7066251264,2.2058296,38.527358136505505
run_59,59,DaCapo,G1,Medium,openjdk,3,84.616455078125,2264.09375,3.6166907124794445,7083438080,2.2043467,38.38618266270229
run_6,6,DaCapo,Serial,Light,oracle,2,36.92066955563496,2435.4375,4.480128473602235,6969200640,1.2053245,30.631310950399634
run_60,60,DaCapo,G1,Medium,openjdk,4,90.915435791015625,2335.40625,4.576888578442427,7066824704,2.2044356,41.24204662228083
run_61,61,DaCapo,G1,Medium,oracle,1,85.0322265625,2244.25,5.064787058159709,7067824128,2.0035613,42.44054153097287
run_62,62,DaCapo,G1,Medium,oracle,2,86.81793212890625,2513.40625,5.832215402561885,7136980992,2.2040477,39.390223781865636
run_63,63,DaCapo,G1,Medium,oracle,3,82.50825500491192,2176.5,5.731474190377272,7121694720,2.2048593,37.42109757521123
run_64,64,DaCapo,G1,Medium,oracle,4,92.0074462890334,2427.875,4.309103165681545,7124054016,2.204671,41.73295983347783
run_65,65,DaCapo,G1,Heavy,openjdk,1,528.3139190673537,2267.375,5.8032429103774055,9823473664,10.40613,50.769490585583085
run_66,66,DaCapo,G1,Heavy,openjdk,2,619.1268768310547,2662.5625,6.277214089121956,4467269632,10.006865,61.87021378134458
run_67,67,DaCapo,G1,Heavy,openjdk,3,334.2927703857422,2585,4.192989273395922,4138258432,10.808752,30.92797118351334
run_68,68,DaCapo,G1,Heavy,openjdk,4,449.4980773925781,2252.3125,3.976918156258762,4137639936,12.409145,36.22313039235001
run_69,69,DaCapo,G1,Heavy,oracle,1,441.2097625732422,2355.28125,4.545400467893434,4135317504,12.20899,36.138105000761094
run_7,7,DaCapo,Serial,Light,oracle,3,37.195007324247854,2144.125,5.212233802303672,6971006976,1.2036179,30.902670460656868
run_70,70,DaCapo,G1,Heavy,oracle,2,409.24591064453125,2255.5,4.565755207641203,4128514048,11.808424,34.65711517849725
run_71,71,DaCapo,G1,Heavy,oracle,3,451.7542724609375,2175.53125,4.009153218590654,4128149504,12.409151,36.40492991510358
run_72,72,DaCapo,G1,Heavy,oracle,4,445.92454528808594,2279.71875,3.9823813037503335,4156772352,12.206903,36.53052254843722
run_73,73,CLBG-BinaryTrees,Serial,Light,openjdk,1,4.0396575927734375,2665.375,1.7923281093438466,3728199680,0.2058039,19.628673668348547
run_74,74,CLBG-BinaryTrees,Serial,Light,openjdk,2,3.9539031982421875,2079.625,1.5810149510701497,3721981952,0.20558946,19.232032606351453
run_75,75,CLBG-BinaryTrees,Serial,Light,openjdk,3,3.8268890380859375,2835.9375,1.6526807447274525,3724103680,0.20573261,18.601275889543896
run_76,76,CLBG-BinaryTrees,Serial,Light,openjdk,4,3.8134307861328125,2492.75,1.3754796435435612,3729264640,0.2057964,18.53011416202039
run_77,77,CLBG-BinaryTrees,Serial,Light,oracle,1,3.7467193603515625,2916.46875,1.762163331111272,3768713216,0.20573619,18.211279990902728
run_78,78,CLBG-BinaryTrees,Serial,Light,oracle,2,3.7985382080078125,2165,1.5359003792206447,3721510912,0.20576613,18.460463867439277
run_79,79,CLBG-BinaryTrees,Serial,Light,oracle,3,3.8372802734375,2157.78125,1.411426067352295,3714764800,0.20540781,18.68127737420257
run_8,8,DaCapo,Serial,Light,oracle,4,41.62321472167969,2975.65625,4.850436792708933,6962147328,1.2062392,34.50660094753983
run_80,80,CLBG-BinaryTrees,Serial,Light,oracle,4,3.7392578125,2570.46875,1.5922318001588185,3758931968,0.20545961,18.19947878076864
run_81,81,CLBG-BinaryTrees,Serial,Medium,openjdk,1,8.424560546875,2170,2.012443322688341,4048019456,0.4057947,20.76064706334262
run_82,82,CLBG-BinaryTrees,Serial,Medium,openjdk,2,8.4992218017578125,2104.4375,2.0128514617681503,4030816256,0.4057837,20.9452025839328
run_83,83,CLBG-BinaryTrees,Serial,Medium,openjdk,3,8.2770538330078125,2363.1875,2.0395036414265633,4085657600,0.40584517,20.394609680849012
run_84,84,CLBG-BinaryTrees,Serial,Medium,openjdk,4,8.4947662353515625,2409.6875,1.8767110854387283,4045307904,0.4058346,20.931596850913063
run_85,85,CLBG-BinaryTrees,Serial,Medium,oracle,1,8.4455413818359375,2064.8125,1.8674568459391594,4047532032,0.40589067,20.807429207071788
run_86,86,CLBG-BinaryTrees,Serial,Medium,oracle,2,8.286224365234375,2093.09375,2.1029504984617233,4032811008,0.40578577,20.42019454066705
run_87,87,CLBG-BinaryTrees,Serial,Medium,oracle,3,8.3417205810546875,2111.4375,1.8742273524403572,4058382336,0.40569794,20.56140729000174
run_88,88,CLBG-BinaryTrees,Serial,Medium,oracle,4,8.4627532958984375,2057.1875,2.138959761708975,4048875520,0.40582198,20.853363575571823
run_89,89,CLBG-BinaryTrees,Serial,Heavy,openjdk,1,19.256851196289063,2201.59375,2.3572915121912956,4619563008,0.8054187,23.90911856937151
run_9,9,DaCapo,Serial,Medium,openjdk,1,83.06622314453125,2157.25,4.693819623440504,6996496384,2.003833,41.453665622100864
run_90,90,CLBG-BinaryTrees,Serial,Heavy,openjdk,2,19.20098876953125,2207.78125,2.2855675667524338,4672405504,0.8059306,23.824618111697518
run_91,91,CLBG-BinaryTrees,Serial,Heavy,openjdk,3,19.358352661132813,2248.90625,2.21870485941569,4640837632,0.80566734,24.02772422316736
run_92,92,CLBG-BinaryTrees,Serial,Heavy,openjdk,4,19.085861206054688,2164.03125,2.3182857632637024,4639895552,0.80567527,23.689272733982126
run_93,93,CLBG-BinaryTrees,Serial,Heavy,oracle,1,19.17523193359375,2076.28125,2.0914008965094886,4632031232,0.80479455,23.82624476469647
run_94,94,CLBG-BinaryTrees,Serial,Heavy,oracle,2,19.067337036132813,2110.875,2.4100663835803666,4621557760,0.8060459,23.65539857734257
run_95,95,CLBG-BinaryTrees,Serial,Heavy,oracle,3,18.872467041015625,2205.875,2.1802627742290497,4622712832,0.80587447,23.41861883404201
run_96,96,CLBG-BinaryTrees,Serial,Heavy,oracle,4,18.963729858398438,2591.28125,2.298629721005758,4619735040,0.80596626,23.529185773109702
run_97,97,CLBG-BinaryTrees,Parallel,Light,openjdk,1,3.9640350341796875,2157.53125,1.5034481386343639,3730776064,0.20573248,19.267910609835102
run_98,98,CLBG-BinaryTrees,Parallel,Light,openjdk,2,3.962310791015625,2125.5625,1.5988488992055256,3748384768,0.20571773,19.260910525386535
run_99,99,CLBG-BinaryTrees,Parallel,Light,openjdk,3,3.954254150390625,2294.28125,1.3267297148704529,3709849600,0.20596501,19.19866947492987
